2023-07-27 02:53:50,Login,User QcTkk berhasil login.
2023-07-27 02:55:06,Login,User 4ARhp berhasil login.
2023-07-27 02:55:11,Login,User 6lZhK berhasil login.
2023-07-27 02:55:19,Login,User vmibp berhasil login.
2023-07-27 02:57:01,Login,User JHmoq berhasil login.
2023-07-27 02:58:01,Login,User HyMyM berhasil login.
2023-07-27 02:59:01,Login,User vBK6E berhasil login.
2023-07-27 03:00:01,Login,User q6WWj berhasil login.
2023-07-27 03:01:01,Login,User K7med berhasil login.
2023-07-27 03:02:01,Login,User aPZd5 berhasil login.
2023-07-27 03:03:01,Login,User c1JcU berhasil login.
2023-07-27 03:04:01,Login,User gedvD berhasil login.
2023-07-27 03:05:02,Login,User Zuyht berhasil login.
2023-07-27 03:06:01,Login,User 8AdnA berhasil login.
2023-07-27 03:07:01,Login,User 1EHu9 berhasil login.
2023-07-27 03:08:01,Login,User c3fkL berhasil login.
2023-07-27 03:09:01,Login,User cF1mE berhasil login.
2023-07-27 03:10:01,Login,User L6Vjp berhasil login.
2023-07-27 03:11:01,Login,User XwrAR berhasil login.
2023-07-27 03:12:01,Login,User duBiM berhasil login.
2023-07-27 03:13:02,Login,User oM1lI berhasil login.
2023-07-27 03:14:01,Login,User 6MmBM berhasil login.
2023-07-27 03:15:01,Login,User CaTNu berhasil login.
2023-07-27 03:16:01,Login,User KFomx berhasil login.
2023-07-27 03:17:01,Login,User HDpOH berhasil login.
2023-07-27 03:18:01,Login,User anEXq berhasil login.
2023-07-27 03:19:02,Login,User b02ok berhasil login.
2023-07-27 03:20:01,Login,User EQqhQ berhasil login.
2023-07-27 03:21:01,Login,User 9qrcQ berhasil login.
2023-07-27 03:21:47,Login,User rKoLH berhasil login.
2023-07-27 03:22:01,Login,User fiyIX berhasil login.
2023-07-27 03:23:01,Login,User QA8H1 berhasil login.
2023-07-27 03:24:01,Login,User zz2hz berhasil login.
2023-07-27 03:25:01,Login,User TIeMJ berhasil login.
2023-07-27 03:26:01,Login,User BTtKh berhasil login.
2023-07-27 03:27:02,Login,User vWzHB berhasil login.
2023-07-27 03:28:01,Login,User gOTfg berhasil login.
2023-07-27 03:29:02,Login,User enUXe berhasil login.
2023-07-27 03:30:01,Login,User twtEF berhasil login.
2023-07-27 03:31:01,Login,User hmaHT berhasil login.
2023-07-27 03:32:01,Login,User 2cj43 berhasil login.
2023-07-27 03:33:01,Login,User 1MsDd berhasil login.
2023-07-27 03:34:02,Login,User XtTt2 berhasil login.
2023-07-27 03:35:01,Login,User oOC8r berhasil login.
2023-07-27 03:36:01,Login,User gxbqP berhasil login.
2023-07-27 03:37:01,Login,User vWJTm berhasil login.
2023-07-27 03:38:01,Login,User irzd6 berhasil login.
2023-07-27 03:39:01,Login,User 0fLeC berhasil login.
2023-07-27 03:40:02,Login,User FtPEk berhasil login.
2023-07-27 03:41:01,Login,User U3Hbf berhasil login.
2023-07-27 03:42:02,Login,User WX1zn berhasil login.
2023-07-27 03:43:01,Login,User E7Udu berhasil login.
2023-07-27 03:44:01,Login,User yQDcF berhasil login.
2023-07-27 03:45:01,Login,User 81n0F berhasil login.
2023-07-27 03:46:01,Login,User YggxQ berhasil login.
2023-07-27 03:47:01,Login,User 1h2cJ berhasil login.
2023-07-27 03:48:02,Login,User 8VJyq berhasil login.
2023-07-27 03:49:01,Login,User BSiMS berhasil login.
2023-07-27 03:50:01,Login,User nJB4M berhasil login.
2023-07-27 03:51:01,Login,User Jo8eF berhasil login.
2023-07-27 03:52:01,Login,User rkNZj berhasil login.
2023-07-27 03:53:01,Login,User zMihG berhasil login.
2023-07-27 03:54:01,Login,User Wrk2g berhasil login.
2023-07-27 03:55:02,Login,User 9lcuh berhasil login.
2023-07-27 03:56:01,Login,User FdEc1 berhasil login.
2023-07-27 03:57:01,Login,User s08RJ berhasil login.
2023-07-27 03:58:01,Login,User kfaJt berhasil login.
2023-07-27 03:59:01,Login,User SxOMr berhasil login.
2023-07-27 04:00:01,Login,User SnXz1 berhasil login.
2023-07-27 04:01:02,Login,User igJgX berhasil login.
2023-07-27 04:02:01,Login,User Ct9Yf berhasil login.
2023-07-27 04:03:01,Login,User TZR7i berhasil login.
2023-07-27 04:04:01,Login,User plWNu berhasil login.
2023-07-27 04:05:02,Login,User ojuMN berhasil login.
2023-07-27 04:06:01,Login,User smuwq berhasil login.
2023-07-27 04:07:01,Login,User r3dGi berhasil login.
2023-07-27 04:08:01,Login,User eWf39 berhasil login.
2023-07-27 04:09:01,Login,User MEIN9 berhasil login.
2023-07-27 04:10:01,Login,User fDWSh berhasil login.
2023-07-27 04:11:01,Login,User rcxfY berhasil login.
2023-07-27 04:12:01,Login,User eRaMQ berhasil login.
2023-07-27 04:13:01,Login,User GgUu3 berhasil login.
2023-07-27 04:14:01,Login,User Csw9S berhasil login.
2023-07-27 04:15:01,Login,User 2ZDyA berhasil login.
2023-07-27 04:16:01,Login,User Iomlv berhasil login.
2023-07-27 04:17:01,Login,User DHAWX berhasil login.
2023-07-27 04:18:01,Login,User u1cyE berhasil login.
2023-07-27 04:19:01,Login,User RaM9k berhasil login.
2023-07-27 04:20:01,Login,User jZTSd berhasil login.
2023-07-27 04:21:01,Login,User ouOUC berhasil login.
2023-07-27 04:22:01,Login,User VlWcy berhasil login.
2023-07-27 04:23:01,Login,User BfUOS berhasil login.
2023-07-27 04:24:01,Login,User 4Wjoa berhasil login.
2023-07-27 04:25:01,Login,User 6CTVK berhasil login.
2023-07-27 04:26:01,Login,User PZzFh berhasil login.
2023-07-27 04:27:01,Login,User shmBd berhasil login.
2023-07-27 04:28:01,Login,User IxffV berhasil login.
2023-07-27 04:29:02,Login,User PN7Nx berhasil login.
2023-07-27 04:30:01,Login,User SedGo berhasil login.
2023-07-27 04:31:01,Login,User X2kGO berhasil login.
2023-07-27 04:32:01,Login,User 7zWvK berhasil login.
2023-07-27 04:33:01,Login,User FId8z berhasil login.
2023-07-27 04:34:01,Login,User Na1Fm berhasil login.
2023-07-27 04:35:01,Login,User U9U0Z berhasil login.
2023-07-27 04:36:01,Login,User utUzi berhasil login.
2023-07-27 04:37:01,Login,User jipoK berhasil login.
2023-07-27 04:38:01,Login,User LGMJ9 berhasil login.
2023-07-27 04:39:02,Login,User VzsFr berhasil login.
2023-07-27 04:40:01,Login,User eQb3m berhasil login.
2023-07-27 04:41:01,Login,User l59AI berhasil login.
2023-07-27 04:42:01,Login,User 4P9sF berhasil login.
2023-07-27 04:43:01,Login,User 7iUaA berhasil login.
2023-07-27 04:44:01,Login,User rvRod berhasil login.
2023-07-27 04:45:01,Login,User GO4cz berhasil login.
2023-07-27 04:46:01,Login,User i9zGd berhasil login.
2023-07-27 04:47:01,Login,User UOqHy berhasil login.
2023-07-27 04:48:01,Login,User ro4vr berhasil login.
2023-07-27 04:49:01,Login,User 4hWaK berhasil login.
2023-07-27 04:50:01,Login,User UHxsi berhasil login.
2023-07-27 04:51:01,Login,User NYuAm berhasil login.
2023-07-27 04:52:01,Login,User ouPe8 berhasil login.
2023-07-27 04:53:01,Login,User pFUzi berhasil login.
2023-07-27 04:54:01,Login,User xNWXR berhasil login.
2023-07-27 04:55:01,Login,User pVWL0 berhasil login.
2023-07-27 04:56:01,Login,User mvu9L berhasil login.
2023-07-27 04:57:01,Login,User RhVj3 berhasil login.
2023-07-27 04:58:01,Login,User JUV2D berhasil login.
2023-07-27 04:59:01,Login,User uHB6s berhasil login.
2023-07-27 05:00:01,Login,User lBVjM berhasil login.
2023-07-27 05:01:01,Login,User yqaFC berhasil login.
2023-07-27 05:02:01,Login,User HYY6R berhasil login.
2023-07-27 05:03:01,Login,User e1wxW berhasil login.
2023-07-27 05:04:01,Login,User C6kFv berhasil login.
2023-07-27 05:05:01,Login,User 7geLf berhasil login.
2023-07-27 05:06:01,Login,User apfBz berhasil login.
2023-07-27 05:07:01,Login,User A0D1P berhasil login.
2023-07-27 05:08:01,Login,User GjJZ4 berhasil login.
2023-07-27 05:09:01,Login,User sEcH1 berhasil login.
2023-07-27 05:10:01,Login,User KfyGU berhasil login.
2023-07-27 05:11:01,Login,User 7trx7 berhasil login.
2023-07-27 05:12:01,Login,User cMDRz berhasil login.
2023-07-27 05:13:01,Login,User mm0bb berhasil login.
2023-07-27 05:14:01,Login,User FcXVB berhasil login.
2023-07-27 05:15:01,Login,User od2QV berhasil login.
2023-07-27 05:16:01,Login,User 2DttZ berhasil login.
2023-07-27 05:17:01,Login,User yq7i4 berhasil login.
2023-07-27 05:18:01,Login,User WK9M4 berhasil login.
2023-07-27 05:19:01,Login,User HxKNZ berhasil login.
2023-07-27 05:20:01,Login,User qnO3W berhasil login.
2023-07-27 05:21:01,Login,User s7fH4 berhasil login.
2023-07-27 05:22:01,Login,User OkAmM berhasil login.
2023-07-27 05:23:01,Login,User cytQ7 berhasil login.
2023-07-27 05:24:01,Login,User gAejv berhasil login.
2023-07-27 05:25:01,Login,User tcG78 berhasil login.
2023-07-27 05:26:01,Login,User FcqPp berhasil login.
2023-07-27 05:27:01,Login,User jRhDq berhasil login.
2023-07-27 05:28:01,Login,User QmB9i berhasil login.
2023-07-27 05:29:01,Login,User Os1nv berhasil login.
2023-07-27 05:30:01,Login,User RjpmN berhasil login.
2023-07-27 05:31:01,Login,User bp2x0 berhasil login.
2023-07-27 05:32:01,Login,User 3ALoV berhasil login.
2023-07-27 05:33:01,Login,User IBC1A berhasil login.
2023-07-27 05:34:01,Login,User AKAva berhasil login.
2023-07-27 05:35:01,Login,User nyb30 berhasil login.
2023-07-27 05:36:01,Login,User RGF9l berhasil login.
2023-07-27 05:37:01,Login,User Wqj5n berhasil login.
2023-07-27 05:38:01,Login,User 7tvqY berhasil login.
2023-07-27 05:39:01,Login,User nwU6K berhasil login.
2023-07-27 05:40:01,Login,User HIJoF berhasil login.
2023-07-27 05:41:01,Login,User Kpnsj berhasil login.
2023-07-27 05:42:01,Login,User OdQbz berhasil login.
2023-07-27 05:43:01,Login,User Q2SEl berhasil login.
2023-07-27 05:44:01,Login,User Zmg68 berhasil login.
2023-07-27 05:45:01,Login,User qCPQD berhasil login.
2023-07-27 05:46:01,Login,User iSzR7 berhasil login.
2023-07-27 05:47:01,Login,User 0IL87 berhasil login.
2023-07-27 05:48:01,Login,User 9dAFB berhasil login.
2023-07-27 05:49:01,Login,User Wp92h berhasil login.
2023-07-27 05:50:01,Login,User djrUa berhasil login.
2023-07-27 05:51:01,Login,User BBx1t berhasil login.
2023-07-27 05:52:01,Login,User iWrFL berhasil login.
2023-07-27 05:53:01,Login,User 7ClMq berhasil login.
2023-07-27 05:54:01,Login,User qHZlG berhasil login.
2023-07-27 05:55:01,Login,User 3ASiD berhasil login.
2023-07-27 05:56:01,Login,User GMwSq berhasil login.
2023-07-27 05:57:01,Login,User hRPSb berhasil login.
2023-07-27 05:58:01,Login,User CJ8J0 berhasil login.
2023-07-27 05:59:01,Login,User pAPYW berhasil login.
2023-07-27 06:00:01,Login,User 583jZ berhasil login.
2023-07-27 06:01:01,Login,User nxSyT berhasil login.
2023-07-27 06:02:01,Login,User akHUe berhasil login.
2023-07-27 06:03:01,Login,User lnR6G berhasil login.
2023-07-27 06:04:01,Login,User OkASt berhasil login.
2023-07-27 06:05:01,Login,User pqLJC berhasil login.
2023-07-27 06:06:01,Login,User SDFwx berhasil login.
2023-07-27 06:07:01,Login,User r3e5K berhasil login.
2023-07-27 06:08:01,Login,User fzqyi berhasil login.
2023-07-27 06:09:01,Login,User aGICz berhasil login.
2023-07-27 06:10:01,Login,User 6gkDD berhasil login.
2023-07-27 06:11:01,Login,User 9hnD6 berhasil login.
2023-07-27 06:12:01,Login,User 0gQPc berhasil login.
2023-07-27 06:13:01,Login,User IgQbV berhasil login.
2023-07-27 06:14:01,Login,User MG57y berhasil login.
2023-07-27 06:15:01,Login,User P52Ky berhasil login.
2023-07-27 06:16:01,Login,User pO3K3 berhasil login.
2023-07-27 06:17:01,Login,User J51tk berhasil login.
2023-07-27 06:18:01,Login,User 1JX28 berhasil login.
2023-07-27 06:19:01,Login,User cn4aF berhasil login.
2023-07-27 06:20:01,Login,User Acq4K berhasil login.
2023-07-27 06:21:01,Login,User 5muZb berhasil login.
2023-07-27 06:22:01,Login,User gGbHA berhasil login.
2023-07-27 06:23:01,Login,User sBikY berhasil login.
2023-07-27 06:24:01,Login,User kjE4y berhasil login.
2023-07-27 06:25:01,Login,User BzyK6 berhasil login.
2023-07-27 06:26:01,Login,User tvsI1 berhasil login.
2023-07-27 06:27:01,Login,User V0I9e berhasil login.
2023-07-27 06:28:01,Login,User 3Bma4 berhasil login.
2023-07-27 06:29:01,Login,User G9r4t berhasil login.
2023-07-27 06:30:01,Login,User m0hwM berhasil login.
2023-07-27 06:30:50,Login,User jRYZC berhasil login.
2023-07-27 06:30:52,Login,User 94K7W berhasil login.
2023-07-27 06:31:01,Login,User OXiIv berhasil login.
2023-07-27 07:17:13,Login,User Xj1Fx berhasil login.
2023-07-27 07:17:17,Login,User AxRnh berhasil login.
2023-07-27 07:17:18,Login,User 2Jdvt berhasil login.
2023-07-27 07:17:19,Login,User inBSK berhasil login.
2023-07-27 07:17:20,Login,User edScu berhasil login.
